effluent_chemistry.total_alkalinity,diffuser.port_depth,termination,nearfield_end_dilution,acute_region,acute_distance_m,acute_width_m,acute_dilution,acute_dilution_factor,acute_travel_time_hr,acute_total_alkalinity_umol_kg,acute_dic_umol_kg,acute_ph_total,acute_pco2_uatm,acute_carbonate_umol_kg,acute_bicarbonate_umol_kg,acute_omega_calcite,acute_omega_aragonite,acute_omega_brucite,chronic_region,chronic_distance_m,chronic_width_m,chronic_dilution,chronic_dilution_factor,chronic_travel_time_hr,chronic_total_alkalinity_umol_kg,chronic_dic_umol_kg,chronic_ph_total,chronic_pco2_uatm,chronic_carbonate_umol_kg,chronic_bicarbonate_umol_kg,chronic_omega_calcite,chronic_omega_aragonite,chronic_omega_brucite,port_ph_total,port_dic_umol_kg,port_omega_brucite,port_omega_aragonite,nearfield_peak_omega_brucite,nearfield_peak_ph_total,nearfield_end_distance_m,nearfield_end_time_s,nearfield_end_ph_total,nearfield_end_omega_brucite,omega1_dilution,omega1_time_s,omega1_distance_m,omega1_region,error,warnings
4000.0,2.0,oscillation limit,534.3506100208206,farfield,20.7,60.75336622818586,547.9312122130062,1.0254151524065005,0.24800195710455766,2902.007855790912,2498.4417104680374,8.387766763976552,205.02615441184443,304.68399154230275,2184.7741188949517,7.420930737428699,4.68600795210413,0.00872207875198808,farfield,207.0,232.47988182246613,1852.2295588404795,3.466318787899033,2.8355019571045577,2900.594203431095,2499.5388408915005,8.384700497494842,206.73979380494447,302.831097508229,2187.6466170179406,7.375848506681591,4.657453398638708,0.008584821617074254,10.437071999147676,1646.2940252396622,131.4044052575385,23.526055006266922,131.4044052575385,10.437071999147676,2.843859088471849,138.95927851814736,8.387876530556687,0.008727033611050422,1.7092204960720858,0.27316322488402256,0.011377885025761487,nearfield,,GeometryWarning
4000.0,5.0,,,,,,,,,,,,,,,,,,,,,,,,,,,,,,,,,,,,,,,,,,,,,,,"ValidationError: 1 validation error for Case
  Value error, the ambient chemistry profile must extend deeper than the port: its deepest level is 4 m and the port is at 5 m. The exe refuses to run this case with ""Please input the ambient chemistry conditions at a depth greater than port depth"". [type=value_error, input_value={'description': 'Project ...e}, 'effluent_do': None}, input_type=dict]
    For further information visit https://errors.pydantic.dev/2.13/v/value_error",GeometryWarning
4000.0,11.0,,,,,,,,,,,,,,,,,,,,,,,,,,,,,,,,,,,,,,,,,,,,,,,"ValidationError: 1 validation error for Case
  Value error, the ambient chemistry profile must extend deeper than the port: its deepest level is 4 m and the port is at 11 m. The exe refuses to run this case with ""Please input the ambient chemistry conditions at a depth greater than port depth"". [type=value_error, input_value={'description': 'Project ...e}, 'effluent_do': None}, input_type=dict]
    For further information visit https://errors.pydantic.dev/2.13/v/value_error",GeometryWarning
8000.0,2.0,oscillation limit,534.3506100208206,farfield,20.7,60.75336622818586,547.9312122130062,1.0254151524065005,0.24800195710455766,2909.3091495760464,2502.1982609620322,8.391522317431724,203.3573702256142,307.4761212626689,2185.81166052889,7.488936283539107,4.728950615555933,0.00887423951423551,farfield,207.0,232.47988182246613,1852.2295588404795,3.466318787899033,2.8355019571045577,2902.754943180533,2500.6505518035683,8.385821050103365,206.2361470727502,303.65629116808225,2187.9552084258908,7.395947180381181,4.67014463496805,0.008629236898715078,10.437071999147678,3704.313113112953,131.40440525753957,52.93578955122826,131.40440525753957,10.437071999147678,2.843859088471849,138.95927851814736,8.391725828470708,0.008883114180713933,2.210615226977482,0.49891253614008146,0.019231277124899023,nearfield,,GeometryWarning
8000.0,5.0,,,,,,,,,,,,,,,,,,,,,,,,,,,,,,,,,,,,,,,,,,,,,,,"ValidationError: 1 validation error for Case
  Value error, the ambient chemistry profile must extend deeper than the port: its deepest level is 4 m and the port is at 5 m. The exe refuses to run this case with ""Please input the ambient chemistry conditions at a depth greater than port depth"". [type=value_error, input_value={'description': 'Project ...e}, 'effluent_do': None}, input_type=dict]
    For further information visit https://errors.pydantic.dev/2.13/v/value_error",GeometryWarning
8000.0,11.0,,,,,,,,,,,,,,,,,,,,,,,,,,,,,,,,,,,,,,,,,,,,,,,"ValidationError: 1 validation error for Case
  Value error, the ambient chemistry profile must extend deeper than the port: its deepest level is 4 m and the port is at 11 m. The exe refuses to run this case with ""Please input the ambient chemistry conditions at a depth greater than port depth"". [type=value_error, input_value={'description': 'Project ...e}, 'effluent_do': None}, input_type=dict]
    For further information visit https://errors.pydantic.dev/2.13/v/value_error",GeometryWarning
